strain,survival
SB80-1,9.09E-05
SB80-2,0.000144928
SB81-1,0.25
SB81-2,0.15
SB118-1,0.000133333
SB118-2,0.000193878
SB119-1,0.000309524
SB119-2,0.000421053